timestamp,type,description,status
2026-01-01 11:13:16,fix,Filtered out 5 non-target role jobs,applied
2026-01-01 12:14:03,fix,Removed 10 duplicate jobs,applied
2026-01-01 12:14:03,fix,Filtered out 3 non-target role jobs,applied
2026-01-01 12:14:12,fix,Removed 20 duplicate jobs,applied
2026-01-01 12:14:12,fix,Filtered out 3 non-target role jobs,applied
2026-01-01 12:19:20,fix,Removed 35 duplicate jobs,applied
2026-01-01 12:19:20,fix,Filtered out 8 non-target role jobs,applied
2026-01-01 12:19:27,fix,Removed 45 duplicate jobs,applied
2026-01-01 12:19:27,fix,Filtered out 8 non-target role jobs,applied
